Priority,Route Name,From City/State,To City/State,URL Path,Full URL,Move Type,Approx Distance,Primary Keyword,Secondary Keyword,Competition Guess,Rationale,Action Items
1,Dallas to Austin,"Dallas, TX","Austin, TX",/moving/dallas-to-austin,https://moveleads.cloud/moving/dallas-to-austin,Intrastate,195 mi,"dallas to austin movers (320, KD 6)",moving dallas to austin (110),Low,"Biggest commercial ""movers"" cluster in the data (700/mo across 3 keywords), KD 2–6. Austin is the #1 Texas inbound city.","Link from /moving-to/austin and /moving-from/dallas hubs above the fold; request indexing in GSC; add ""Dallas to Austin movers"" phrase to first paragraph."
2,Austin to Dallas,"Austin, TX","Dallas, TX",/moving/austin-to-dallas,https://moveleads.cloud/moving/austin-to-dallas,Intrastate,195 mi,"austin to dallas movers (210, KD 6)",movers from austin to dallas (140),Low,Reverse of #1 with 460/mo of pure mover intent; same low KD.,Cross-link with /moving/dallas-to-austin; request indexing.
3,Houston to Dallas,"Houston, TX","Dallas, TX",/moving/houston-to-dallas,https://moveleads.cloud/moving/houston-to-dallas,Intrastate,240 mi,"movers from houston to dallas (170, KD 8)",movers houston to dallas (140),Low,"420/mo of ""movers"" keywords, KD 4–8; two largest Texas metros.",Link from /moving-to/dallas hub and /moving-from/houston hub; request indexing.
4,Houston to Austin,"Houston, TX","Austin, TX",/moving/houston-to-austin,https://moveleads.cloud/moving/houston-to-austin,Intrastate,165 mi,"movers houston to austin (140, KD 4)",houston to austin movers (110),Low,"320/mo commercial intent, KD 4–5.",Link from /moving-to/austin hub; request indexing.
5,Sacramento to Los Angeles,"Sacramento, CA","Los Angeles, CA",/moving/sacramento-to-los-angeles,https://moveleads.cloud/moving/sacramento-to-los-angeles,Intrastate,385 mi,"movers sacramento to los angeles (40, KD 0)",moving from sacramento to los angeles,Low,"Replaces Jacksonville to Orlando (Oct 6 audit: ""orlando to jacksonville"" results are flights and drive distance, not movers). Pure mover intent, KD 0, and a 385-mile in-state California move.",Link from /moving-to/los-angeles hub; request indexing.
6,San Antonio to Houston,"San Antonio, TX","Houston, TX",/moving/san-antonio-to-houston,https://moveleads.cloud/moving/san-antonio-to-houston,Intrastate,195 mi,"san antonio to houston drive (1,000, KD 19)",—,Medium,"1,000/mo drive-intent keyword; our drive section answers it with OSRM data.","Link from /moving-to/houston hub; request indexing; watch CTR, the title leads with price, not drive time."
7,Dallas to Houston,"Dallas, TX","Houston, TX",/moving/dallas-to-houston,https://moveleads.cloud/moving/dallas-to-houston,Intrastate,240 mi,"movers dallas to houston (140, KD 3)",—,Low,"KD 3, pure mover intent.",Cross-link with /moving/houston-to-dallas; request indexing.
8,Fort Worth to Austin,"Fort Worth, TX","Austin, TX",/moving/fort-worth-to-austin,https://moveleads.cloud/moving/fort-worth-to-austin,Intrastate,190 mi,"fort worth austin movers (140, KD 9)",fort worth austin moving (90),Low,230/mo mover intent; few competitors build Fort Worth pages separately from Dallas.,Link from /moving-from/fort-worth hub and /moving/dallas-to-austin related routes; request indexing.
9,Austin to Houston,"Austin, TX","Houston, TX",/moving/austin-to-houston,https://moveleads.cloud/moving/austin-to-houston,Intrastate,165 mi,"austin to houston movers (110, KD 5)",—,Low,KD 5 mover keyword; completes the Texas Triangle set.,Cross-link with /moving/houston-to-austin; request indexing.
10,San Antonio to Austin,"San Antonio, TX","Austin, TX",/moving/san-antonio-to-austin,https://moveleads.cloud/moving/san-antonio-to-austin,Intrastate,80 mi,"austin tx distance from san antonio (720, KD 18)",austin to san antonio movers (50),Medium,720/mo distance query on an 80-mile hourly-priced route; good fit for our hourly cost table.,Link from /moving-to/austin hub; request indexing.
11,Austin to San Antonio,"Austin, TX","San Antonio, TX",/moving/austin-to-san-antonio,https://moveleads.cloud/moving/austin-to-san-antonio,Intrastate,80 mi,"austin to san antonio movers (50, KD 9)",—,Low,Reverse of #10 with direct mover intent.,Cross-link with /moving/san-antonio-to-austin; request indexing.
12,Los Angeles to Las Vegas,"Los Angeles, CA","Las Vegas, NV",/moving/los-angeles-to-las-vegas,https://moveleads.cloud/moving/los-angeles-to-las-vegas,Interstate,270 mi,"movers los angeles to las vegas (70, KD 3)",movers from los angeles to las vegas (40),Low,KD 3; LA→Vegas is a top California outbound route and Nevada has no income tax (page states it).,Link from /moving-to/las-vegas and /moving/california-to-nevada; request indexing.
13,Los Angeles to San Diego,"Los Angeles, CA","San Diego, CA",/moving/los-angeles-to-san-diego,https://moveleads.cloud/moving/los-angeles-to-san-diego,Intrastate,120 mi,"movers los angeles to san diego (90, KD 4)",—,Low,"KD 4 mover intent, high CPC ($39.61) shows paying advertisers.",Link from /moving-to/san-diego hub; request indexing.
14,San Diego to Los Angeles,"San Diego, CA","Los Angeles, CA",/moving/san-diego-to-los-angeles,https://moveleads.cloud/moving/san-diego-to-los-angeles,Intrastate,120 mi,"movers san diego to la (70, KD 7)",—,Low,Reverse of #13.,"Add ""San Diego to LA"" variant to intro copy; cross-link #13; request indexing."
15,Los Angeles to Phoenix,"Los Angeles, CA","Phoenix, AZ",/moving/los-angeles-to-phoenix,https://moveleads.cloud/moving/los-angeles-to-phoenix,Interstate,375 mi,"movers los angeles to phoenix (50, KD 1)",—,Low,"KD 1, the easiest keyword in the set; Arizona is a top-5 U-Haul destination.",Link from /moving-to/phoenix and /moving/california-to-arizona; request indexing.
16,Phoenix to San Diego,"Phoenix, AZ","San Diego, CA",/moving/phoenix-to-san-diego,https://moveleads.cloud/moving/phoenix-to-san-diego,Interstate,355 mi,"san diego distance from phoenix (320, KD 14)",—,Medium,320/mo distance query; page answers 355 mi and drive time.,Link from /moving-from/phoenix hub; request indexing.
17,San Diego to Phoenix,"San Diego, CA","Phoenix, AZ",/moving/san-diego-to-phoenix,https://moveleads.cloud/moving/san-diego-to-phoenix,Interstate,355 mi,"moving companies san diego to arizona (50, KD 2)",—,Low,KD 2 commercial query; reverse of #16.,Cross-link with #16 and /moving/california-to-arizona; request indexing.
18,St. Louis to Chicago,"St. Louis, MO","Chicago, IL",/moving/st-louis-to-chicago,https://moveleads.cloud/moving/st-louis-to-chicago,Interstate,295 mi,"st louis cost of living to chicago (480, KD 30)","movers st louis mo (590, local intent)",High,"1,070/mo but KD 30 and partly local intent; worth tracking, slower to win.","Link from /moving-to/chicago hub; request indexing; do not chase ""movers st louis mo"" (local pack)."
19,Kansas City to St. Louis,"Kansas City, MO","St. Louis, MO",/moving/kansas-city-to-st-louis,https://moveleads.cloud/moving/kansas-city-to-st-louis,Intrastate,250 mi,"st louis to kansas city drive (210, KD 17)",—,Medium,250-mile in-state Missouri route with steady drive-intent demand.,Cross-link with /moving/st-louis-to-kansas-city; request indexing.
20,Greenville to Charleston,"Greenville, SC","Charleston, SC",/moving/greenville-to-charleston,https://moveleads.cloud/moving/greenville-to-charleston,Intrastate,215 mi,"distance greenville sc to charleston sc (170, KD 8)",—,Low,South Carolina is #3 in net domestic migration (Census V2025); KD 8.,Link from /moving-to/charleston hub and the top-states guide; request indexing.
